Brand,Interval_Week,Sample_Count,Avg_MPI,Sigma_Randomness,Avg_Heat
Apple,0,434.0,0.4088031014079906,0.15003390850198983,0.0604321198014345
Apple,1,265.0,0.3925480803624147,0.14247254287910815,0.051442774279781105
Apple,2,189.0,0.369845387062659,0.17060001249663123,-0.008428387117212412
Apple,3,145.0,0.3853857069308388,0.1668342164584848,0.10860474601644894
Apple,4,150.0,0.3828814098238945,0.18234028137964697,0.049362286341687045
Apple,5,176.0,0.3988901238084178,0.15141880236979288,0.10449613988484172
Apple,6,167.0,0.3785855862685663,0.16627275088748403,0.14697083738258857
Apple,7,142.0,0.3823506980609726,0.15473749771590348,0.10394477055893397
Apple,8,91.0,0.35859025163309916,0.17080689361874168,0.09447418931093844
Apple,9,97.0,0.39272813496093467,0.16671412449087944,0.0724228105325367
Apple,10,69.0,0.41975397773195006,0.1284874044283236,0.023899586790281792
Apple,11,97.0,0.34985832790796134,0.1630775852044911,0.12517683394253254
Apple,12,132.0,0.3641550417594386,0.1575260923758765,0.11656845753278697
Apple,13,123.0,0.3833532795552316,0.16181078277754923,0.04969016509509184
Apple,14,99.0,0.32985930108568734,0.18439946248098968,0.06591650728851256
Apple,15,97.0,0.3234422240867135,0.195527608767696,0.16577946068238966
Apple,16,92.0,0.35176653615401493,0.1608299062378772,0.20990852456863807
Apple,17,110.0,0.343517409840768,0.1504460761006261,0.2220312961461869
Apple,18,81.0,0.3502203171129948,0.1651213923662768,0.07715028473808441
Apple,19,86.0,0.3644820513680231,0.1668537018049203,0.04725630745984787
Apple,20,60.0,0.3399449284654111,0.1617961256505177,-0.018091599208613238
Apple,21,71.0,0.3451475085769321,0.17255452879614513,0.11440068273477151
Apple,22,100.0,0.38031866155099125,0.14750147337245206,0.10865371303632855
Apple,23,91.0,0.3589596080256032,0.1722974614004576,0.16730422342380324
Apple,24,77.0,0.3690495252875345,0.1556038512097769,-0.013633887924544223
Apple,25,78.0,0.3981996451814969,0.12226547438980415,-0.010812340972897334
Apple,26,135.0,0.3370419982682776,0.178405523893225,-0.039338911904229064
Apple,27,165.0,0.3560553384994185,0.18027313318159005,0.07607136465834849
Apple,28,173.0,0.3171975622969717,0.18966177138940954,0.12073422073671929
Apple,29,92.0,0.33332420248821704,0.17692363299647532,0.04332109787703856
Apple,30,57.0,0.3811134586862305,0.14836713673827248,0.019614980605087783
Apple,31,42.0,0.3436730089819148,0.16667714955416105,0.14059124434632914
Apple,32,57.0,0.357217510851721,0.15114973107857418,0.18713447451591492
Apple,33,45.0,0.37292981031868194,0.1266835747369472,0.032382101482815215
Apple,34,34.0,0.3618236199459609,0.17602136789558948,0.08235615174121716
Apple,35,44.0,0.36662766320461576,0.16622393190731893,0.09508861249990085
Apple,36,30.0,0.3227015804188947,0.18444785170696693,0.3068871642152468
Apple,37,36.0,0.3551754189862145,0.16918407019063997,0.290853925773667
Apple,38,57.0,0.3463897301178229,0.17338001350955345,0.2589228895019021
Apple,39,80.0,0.35038723090547136,0.18642250877836244,0.23555380562320352
Apple,40,58.0,0.38701423848497457,0.12897340200552845,0.08491798805008674
Apple,41,53.0,0.3430052714220266,0.1759725193262767,0.27298939720077336
Apple,42,88.0,0.3264824817253446,0.18601131311472507,0.10942369056018916
Apple,43,120.0,0.30517353683826515,0.18036499676799156,0.16798332516724865
Apple,44,53.0,0.3664485928778238,0.1709480822368262,0.010253578529886488
Apple,45,47.0,0.3530663204716241,0.18783108775434715,0.08298544688744748
Apple,46,57.0,0.37756251092804105,0.1544959993295476,0.01832030292012189
Apple,47,43.0,0.3293207340581386,0.17945284815393314,0.15462525162932483
Apple,48,63.0,0.3232954145364818,0.17747745560940814,0.08506056146016197
Apple,49,69.0,0.3749594392956815,0.14981706313662618,0.16715648435596106
Apple,50,52.0,0.37752575343116546,0.14624897190367364,0.12218103271264297
Apple,51,46.0,0.39680106937885284,0.11375128497992736,0.04488739581859629
Apple,52,59.0,0.33831067705305956,0.2012860925807161,0.023795789360242375
Apple,53,35.0,0.3594597748613783,0.1628639626176212,0.08389316680175918
Apple,54,23.0,0.40674116430075274,0.13056377412871564,0.06956865703282147
Apple,55,43.0,0.36417064347932504,0.16960597438308542,0.14282578247231106
Apple,56,25.0,0.38203597228974107,0.13586892934572686,0.0332479727268219
Apple,57,33.0,0.3372879862559564,0.1577500922230495,0.08324939373767737
Apple,58,29.0,0.3647170003888936,0.18166049886100052,0.016264937561133806
Apple,59,29.0,0.3655683262080982,0.17102825766152058,-0.010424628596881333
Apple,60,22.0,0.4007156071337787,0.1129054078979532,-0.062444408593529996
Apple,61,37.0,0.35043868915857496,0.17974716069628874,0.1678910876649457
Apple,62,38.0,0.3756866697712164,0.16558046366401774,0.15444564152705043
Apple,63,42.0,0.3809433718145426,0.14810197948075365,0.040898538416340245
Apple,64,29.0,0.3391602436273262,0.16940025299498915,0.32436964134203977
Apple,65,41.0,0.3693751340686548,0.1695622182412557,0.18692249341345415
Apple,66,30.0,0.37025496720646817,0.1472267907010828,0.1667405240237713
Apple,67,32.0,0.34007132216356695,0.1674016011359966,0.10163851652760057
Apple,68,27.0,0.38455776442532186,0.15013391734689252,0.11867855392672395
Apple,69,21.0,0.38037310629373505,0.1698877228298848,-0.03264469671107474
Apple,70,36.0,0.39083559190233547,0.11774999309658647,0.13965163007378578
Apple,71,27.0,0.3376413189150669,0.1479356611521156,0.2891899132066303
Apple,72,39.0,0.3056214735843241,0.2001663097063953,0.2234497596629155
Apple,73,26.0,0.3395873378389157,0.1884264223162256,0.3223758081977184
Apple,74,27.0,0.37549194583186396,0.1558595569459897,0.2808125174983784
Apple,75,20.0,0.3770986333489418,0.1235309423960324,0.26295600049197676
Apple,76,20.0,0.3121979350224137,0.19420376590682784,0.3523624248802662
Apple,77,14.0,0.308719843093838,0.19423678783101408,0.2623198748167072
Apple,78,27.0,0.2855607151157326,0.19329080459520226,0.3597876886250796
Apple,79,29.0,0.23483587165587935,0.2174192252127723,0.266752268990566
Apple,80,27.0,0.3180367095154469,0.22161933401609135,0.4135043151952602
Apple,81,23.0,0.2863690462368338,0.19616482799111143,0.28526410217518394
Apple,82,29.0,0.28525369357446145,0.1883912539274902,0.1992425786267067
Apple,83,44.0,0.28214472911151295,0.20832461503971367,0.2413731972178952
Apple,84,37.0,0.2497727564737402,0.22170804976559813,0.2891834869578078
Apple,85,45.0,0.24907043961187203,0.20605608024887678,0.31959727596905496
Apple,86,18.0,0.23772172433220679,0.21658719072459245,0.58036509114835
Apple,87,48.0,0.2764904741585876,0.1668584895360838,0.04764704476110635
Apple,88,25.0,0.2903946090489626,0.19305513919898867,0.3656489616632462
Apple,89,21.0,0.3138966649061158,0.173319491758959,0.053957921851958544
Apple,90,29.0,0.36020980250283047,0.13105468677172133,0.23747054718691724
Apple,91,37.0,0.3969883999309024,0.12101539384680007,0.13733748487524083
Apple,92,29.0,0.33752823800876225,0.15452333263211382,0.17550705617357945
Apple,93,23.0,0.3903681538675142,0.10612846790474517,-0.10025856481946033
Apple,94,19.0,0.3592591654313238,0.16997152351951342,0.24089072213361137
Apple,95,57.0,0.2991855532715195,0.173635414333612,0.1853316171388877
Apple,96,28.0,0.281865640144263,0.18427590028450788,0.1705631311716778
Apple,97,29.0,0.29970804629205117,0.1922363625589546,0.1384455578979747
Apple,98,37.0,0.2467165283254675,0.19416876821928758,0.24275032466126456
Apple,99,60.0,0.34202187191694977,0.1740380928528244,0.04430219655235608
Apple,100,35.0,0.30823736978428706,0.18744239844244703,0.16006159292800085
Apple,101,38.0,0.35066493522179754,0.1539364899092182,0.14295267990153088
Apple,102,74.0,0.381804966191585,0.1594683144952138,0.14573940367916147
Apple,103,49.0,0.3649997676969791,0.18649888823517338,0.06682478575682153
Apple,104,62.0,0.38446932671321254,0.18035626128563695,0.12907378537760628
Apple,105,37.0,0.33633523615630895,0.18913648923452608,0.15842507346659093
Apple,106,42.0,0.33828764883357854,0.17603131241569742,0.05877293859209333
Apple,107,31.0,0.34991170351784073,0.16874208928413495,0.22841332498336991
Apple,108,57.0,0.32447915230142443,0.17924303249701048,0.039758130450520596
Apple,109,46.0,0.3217835544568041,0.1943531884901568,0.12333698562629845
Apple,110,52.0,0.2830518287821458,0.19339552101331925,0.27267433058183926
Apple,111,48.0,0.32986073351154727,0.18191167296233057,0.1196933826431632
Apple,112,37.0,0.33576571115770854,0.18698214429823473,0.11852678072613639
Apple,113,51.0,0.36171996750521895,0.17515754493094424,0.10828627813972679
Apple,114,48.0,0.33530961132297915,0.17360957293981122,0.09243390747966866
Apple,115,33.0,0.35017269384115934,0.1582303587325615,0.07974827876596739
Apple,116,32.0,0.25844567771127913,0.2208525237277612,0.2900019792141393
Apple,117,30.0,0.36134025231003764,0.14928200999548055,0.014504660603900748
Apple,118,49.0,0.296038278207487,0.1759211531822304,0.14346552796053644
Apple,119,54.0,0.2726143721353125,0.20081807043299338,0.06646127515920887
Apple,120,52.0,0.3416919708968355,0.18479328963534405,0.08427008800208569
Apple,121,79.0,0.28029365376628274,0.19754629936343276,0.16895240092579322
Apple,122,50.0,0.3308035083860159,0.17837768322934427,0.20393658198416234
Apple,123,38.0,0.31247784413005175,0.17287668220996158,0.16441308491324125
Apple,124,49.0,0.27353511746896775,0.22158757352182845,0.22918614608292676
Apple,125,57.0,0.24552343481857525,0.1984234525531202,0.2639195504680015
Apple,126,76.0,0.2815564682609157,0.207738889285835,0.24360138476875268
Apple,127,46.0,0.3023302732845363,0.1690221465979565,0.07500133541939051
Apple,128,65.0,0.32202445219199244,0.1979747251746922,0.14544329224870756
Apple,129,72.0,0.34823863492864704,0.18127821611842712,0.09870407650143737
Apple,130,102.0,0.3403087452638383,0.17592569603525102,0.12277725415633005
Apple,131,50.0,0.24509627563180403,0.22249406472806968,0.22456878468394278
Apple,132,44.0,0.30621338593350217,0.18377129663575598,0.14398164598440583
Apple,133,36.0,0.3502916088845167,0.20066160472388053,0.035045999102294445
Apple,134,49.0,0.24850133521843473,0.17932290161617945,0.15611879911501797
Apple,135,53.0,0.29813034291256146,0.1948171729903081,0.22030138653123155
Apple,136,41.0,0.2738580352785747,0.20891575277228183,0.1955521846326386
Apple,137,39.0,0.26543256900726986,0.22244239322552387,0.14663623951566526
Apple,138,30.0,0.2694533823058009,0.19702338138275258,0.13137361345191798
Apple,139,33.0,0.3367200366814028,0.16672849706650353,0.01751398385474176
Apple,140,37.0,0.3528794439861903,0.1877005367297613,0.016180214849678246
Apple,141,32.0,0.31902464060112834,0.17505413850946636,0.14385818399023265
Apple,142,26.0,0.3567141472147061,0.16623479945759528,0.11149756553081366
Apple,143,25.0,0.24777776546776292,0.19974526564163966,0.09322841316461564
Apple,144,35.0,0.2924425341987184,0.19122206790363797,0.18356446384319236
Apple,145,33.0,0.37991990103866113,0.10314159951587944,0.15314041845726245
Apple,146,27.0,0.3126131576244478,0.17880441793333585,0.17986516544112452
Apple,147,30.0,0.3502221649202208,0.1702485310667543,0.028997909401853872
Apple,148,27.0,0.36048757395258657,0.18515869370104585,0.40305321304886427
Apple,149,22.0,0.30173276601867244,0.12881714864741148,0.056375698779116974
Apple,150,22.0,0.35334361547773535,0.2012335362466458,-0.0004597284238446893
Apple,151,22.0,0.2889675292694433,0.21939021950327942,0.18090390735729175
Apple,152,11.0,0.3428538035262715,0.23409136679967518,-0.0813521495596929
Apple,153,21.0,0.35285640676461516,0.15775736851718275,0.0899158695801383
Apple,154,11.0,0.3359547819603573,0.1436630274612755,0.21853938106108795
Apple,155,10.0,0.28734234580770135,0.1989127914821523,0.12976349554955957
Apple,156,17.0,0.3493153899908066,0.18405104439537776,0.09988595194676343
Apple,157,14.0,0.3534345774512206,0.19236990954538158,0.00476202262299399
Apple,158,23.0,0.3075999374622884,0.17733620147015403,0.19609507497238077
Apple,159,17.0,0.3386661854627378,0.22471508995941147,-0.009564563632011386
Apple,160,7.0,0.309608165706907,0.22557236737827505,-0.03435758820601872
Apple,161,17.0,0.3747614709769978,0.12121927591559727,-0.005112257731311478
Apple,162,9.0,0.39424165048533016,0.16515742660829724,-0.13776402092642256
Apple,163,15.0,0.3755221034089724,0.12890533465719076,-0.05617983788251877
Apple,164,16.0,0.41552724316716194,0.05915190140044618,-0.0341468402184546
Apple,165,22.0,0.347135872326114,0.17488124679602235,-0.15132956054400315
Apple,166,26.0,0.29634249812135327,0.1881847254660286,-0.017491672904445574
Apple,167,24.0,0.32277622749097645,0.17095014804394615,0.10851536054785053
Apple,168,14.0,0.3948990074651582,0.13645779879503886,0.07519789598882198
Apple,169,17.0,0.3877584710717201,0.1836237140872221,0.1531635875649312
Apple,170,16.0,0.3663943789433688,0.17904373095996376,0.24259519577026367
Apple,171,8.0,0.5327563174068928,0.06607933419789579,0.03806201647967099
Apple,172,11.0,0.38099057667634706,0.18787805063569432,0.15712210823866454
Apple,173,14.0,0.3917324408622725,0.19074867988868457,0.08245830264474664
Apple,174,8.0,0.19056512013776225,0.16049565126446286,0.28148072585463524
Apple,175,108.0,0.4284203569404781,0.12942487972235467,0.04967270270679836
Apple,176,26.0,0.3846311242534564,0.1490437134006243,0.0729787660619387
Apple,177,3.0,0.48723579446474713,0.14603490939908184,0.1292620239158471
Apple,178,10.0,0.41652989890426395,0.156312740442091,0.1119234001263976
Apple,179,15.0,0.40568371340632436,0.1747571239556315,0.08025585860013962
Apple,180,28.0,0.371209123304912,0.1804694866645553,0.22497874152447497
Apple,181,14.0,0.29287863043802126,0.23226623264984836,0.2356151198702199
Apple,182,16.0,0.4190209601074457,0.14794479752932202,0.012300693895667798
Apple,183,18.0,0.3782551719082726,0.14696026086994204,0.10527047432131237
Apple,184,3.0,0.4312056203683217,0.05302883277043159,0.6646060049533844
Apple,185,2.0,0.3798912465572357,0.009638309904865252,0.2444881498813629
Apple,186,2.0,0.485380083322525,0.009523544036370088,0.5038881134241818
Apple,187,2.0,0.38769073784351343,0.032336431950134505,0.7227694988250732
Apple,188,1.0,0.3250854015350342,,0.1792918294668197
Apple,189,2.0,0.29472260922193527,0.3001916976988281,-0.320097230374813
Apple,190,10.0,0.24591263942420483,0.18779555263420553,0.007956396974623215
Apple,191,1.0,0.467169851064682,,-0.1702989339828491
Apple,192,5.0,0.392626616358757,0.13517042254044154,0.06205730289220805
Apple,193,3.0,0.2887505491574605,0.283112255302597,-0.19674778481324517
Apple,194,2.0,0.48739178478717804,0.15433777636970972,-0.15495584905147555
Apple,196,7.0,0.4410473108291626,0.08240090853044188,-0.05771871762616291
Apple,197,10.0,0.45576137453317644,0.11836542758788669,-0.23992286249995232
Apple,198,15.0,0.4351864606142044,0.1006645637619951,-0.3979125534494718
Apple,199,10.0,0.4042375210672617,0.1314954979850396,0.149784080684185
Apple,200,10.0,0.3971596211194992,0.16966925760266552,-0.17892154902219773
Apple,201,6.0,0.4654209812482198,0.06490928319340267,-0.06728726377089818
Apple,202,5.0,0.4099657595157623,0.07168134125481634,0.22663890719413757
Apple,203,2.0,0.34594762325286865,0.15728306136392373,-0.46208181977272034
Apple,204,6.0,0.4156499405701955,0.06912650520099939,-0.2971774600446224
Apple,205,7.0,0.4915963964802878,0.06950126606663652,9.672130857196759e-05
Apple,206,9.0,0.4257445103592343,0.11409736046073816,-0.26235216276513207
Apple,207,3.0,0.40547169248263043,0.20821504445798406,-0.33785144488016766
Apple,208,6.0,0.4390036314725876,0.08944787468994857,0.00045323496063550084
Apple,209,4.0,0.5081069618463516,0.07309982719334214,0.09148711059242487
Apple,210,4.0,0.40201224386692047,0.27959967192037816,-0.004117034375667572
Apple,211,5.0,0.3938445508480072,0.10920277662874403,0.08939789682626723
Apple,220,1.0,0.1420227289199829,,-0.2891631126403808
Oppo,0,2255.0,0.5267148842976249,0.2144887777075716,0.056284903364045395
Oppo,1,527.0,0.5135348229960625,0.21660117221122713,0.0654860648098605
Oppo,2,347.0,0.5190001595201728,0.22721067660527883,0.058363863360941924
Oppo,3,208.0,0.49860340578687523,0.2085937522920723,0.055400470191111356
Oppo,4,172.0,0.5223608064860495,0.22118270557484618,0.11887185282052257
Oppo,5,117.0,0.5229298372983805,0.2293196925757277,0.020328900896203823
Oppo,6,103.0,0.5389593563029018,0.21238367050121248,0.09333400967196354
Oppo,7,116.0,0.49722286031966834,0.2423858513138369,0.011279194439151154
Oppo,8,85.0,0.5287723202696618,0.220099843787023,0.021645743860041394
Oppo,9,94.0,0.517592558240954,0.22080062552783924,0.07245005885178739
Oppo,10,106.0,0.470124164332069,0.2512008284112369,0.15964852667079782
Oppo,11,114.0,0.5272252817817947,0.21469667298836737,0.1422223544663243
Oppo,12,118.0,0.5028448247042943,0.23941485330048057,0.11016915416565992
Oppo,13,109.0,0.4875760754749794,0.26190502493268575,0.051820878742621576
Oppo,14,102.0,0.5047010931542472,0.2514900885959665,0.055577400615256206
Oppo,15,96.0,0.46959686030944187,0.24983942444350823,0.1841483335980835
Oppo,16,90.0,0.4568782701984876,0.24688312142058919,0.11477321431868606
Oppo,17,69.0,0.47630694173816324,0.2685567332105585,0.1755863496682782
Oppo,18,75.0,0.5049706592907508,0.23095413024366132,0.14295678223172822
Oppo,19,73.0,0.5227340344301336,0.2419028989971395,0.11260385311221423
Oppo,20,71.0,0.520670052689933,0.23856417351122605,0.056249540771397065
Oppo,21,98.0,0.4440242813672034,0.26318784540355505,0.15756461020483045
Oppo,22,93.0,0.47383739601980934,0.22215846806387685,0.08645446648600921
Oppo,23,75.0,0.5064122955873609,0.2407144448457621,0.15862491133312384
Oppo,24,137.0,0.4664481461088914,0.24960298447193846,0.2360606406862936
Oppo,25,167.0,0.449394361807513,0.26796843280154053,0.22226743380020478
Oppo,26,136.0,0.47374542837839245,0.2528647007976638,0.2547323787310982
Oppo,27,128.0,0.4361695418920135,0.26284310721764026,0.17782614195311908
Oppo,28,120.0,0.4643862805639704,0.25977675105611825,0.24333630601565043
Oppo,29,94.0,0.4841276385246756,0.24807848456547785,0.11646767600657458
Oppo,30,81.0,0.5446466909560524,0.21571283612236763,0.051776215020153254
Oppo,31,78.0,0.5161724741621396,0.27923728525632174,0.095480745491118
Oppo,32,67.0,0.5036510137507497,0.24198673833358803,0.003425317969339989
Oppo,33,86.0,0.49540297548979695,0.2281094444680373,-0.004686282016336934
Oppo,34,43.0,0.4708353607417193,0.26007055970637394,0.1999687522129957
Oppo,35,44.0,0.5101603090085767,0.24098562068494508,0.12237241703339598
Oppo,36,42.0,0.4303954199089536,0.25907291658750486,0.12166775780774298
Oppo,37,49.0,0.48889253360732476,0.2365031629148621,-0.08483169182222716
Oppo,38,45.0,0.5296854695098268,0.22461510011304014,0.09854452071918382
Oppo,39,38.0,0.5432892104512766,0.1919354242732809,-0.08691720669402887
Oppo,40,46.0,0.46018992907003214,0.23666180209305468,0.024555908516049385
Oppo,41,72.0,0.4590782201137497,0.25041087430853187,0.06802375092067653
Oppo,42,50.0,0.44229461791925134,0.2386724576492481,0.06111882224678993
Oppo,43,50.0,0.5059627642482519,0.23925800487181056,0.12860113568603992
Oppo,44,37.0,0.5188963348801071,0.23313817980909465,-0.19151089521678719
Oppo,45,35.0,0.49371838781184385,0.23646666336270256,0.11956650880830628
Oppo,46,33.0,0.477339204344334,0.22634018141502876,0.10807130835724599
Oppo,47,36.0,0.4637424321845174,0.2460781042861803,0.07232939705459608
Oppo,48,31.0,0.4781054796711091,0.22241329836139143,0.09126819381790777
Oppo,49,28.0,0.5227298418592129,0.22106092199709826,-0.13993859051593713
Oppo,50,22.0,0.4950541305271062,0.19407536530632188,0.09851233762773601
Oppo,51,24.0,0.5273353538747566,0.2566633351282074,-0.22106003730247417
Oppo,52,26.0,0.543415395471339,0.2085204309870786,0.04022407703674758
Oppo,53,16.0,0.45386411692015827,0.18403397930165685,0.4751060828566551
Oppo,54,5.0,0.5827862903475761,0.3073094095725524,0.4670229971408844
Oppo,55,10.0,0.3335461087524891,0.2743926029505699,0.2674013957381248
Oppo,56,12.0,0.41510864067822695,0.27640963594426177,0.09034587039301789
Oppo,57,19.0,0.4252067765122966,0.22986824667172856,0.04573498087886132
Oppo,58,18.0,0.5203952621668577,0.25408259234437636,0.1463761998133527
Oppo,59,16.0,0.31108006183058023,0.259621531260958,0.4633930576965213
Oppo,60,14.0,0.5523928276130131,0.1962815591112575,0.031862852030566775
Oppo,61,23.0,0.5438666985086773,0.1963687104594909,0.038317056615715425
Oppo,62,33.0,0.46429577591885446,0.27417329785495503,0.11912679694818729
Oppo,63,39.0,0.4333227752851179,0.26195028605988385,0.05533220294194344
Oppo,64,35.0,0.40524701997637746,0.3146119680043874,0.14106497519782613
Oppo,65,40.0,0.4154563405085355,0.30207351899855583,0.16005502743646502
Oppo,66,48.0,0.5465268842332686,0.21372762152556968,0.11441109445877373
Oppo,67,56.0,0.5262751102314464,0.23468728393703908,0.06327490947608436
Oppo,68,53.0,0.5315185550530002,0.2174607810495355,0.1755253710204138
Oppo,69,61.0,0.4882389971772667,0.24444674398666666,0.19268573438901393
Oppo,70,44.0,0.4756449212912809,0.2641034343588056,0.2629940944131125
Oppo,71,65.0,0.4938720472730123,0.21716515830253516,0.12425514141527506
Oppo,72,62.0,0.540778715238576,0.22080738316752468,0.09247252056675573
Oppo,73,26.0,0.5099470924872619,0.20623344051466191,0.12559829981854326
Oppo,74,17.0,0.4630322938456255,0.28321736691937205,0.2653479150989476
Oppo,75,20.0,0.5376796528697014,0.19783765431371717,0.028130680322647095
Oppo,76,15.0,0.41833758155504863,0.2986257593184021,0.10367580254872637
Oppo,77,12.0,0.48869114369153976,0.24524941713979795,0.2064348707596461
Oppo,78,17.0,0.5943445760537597,0.19593276796747275,0.07378840314991333
Oppo,79,10.0,0.5392173230648041,0.17345948644791995,0.17344013825058938
Oppo,80,8.0,0.522308933082968,0.26637921635604633,0.14448742847889662
Oppo,81,4.0,0.3114511603489518,0.3163737260117154,0.47025181353092194
Oppo,82,5.0,0.4755586892366409,0.20848054553085044,0.5791197091341018
Oppo,83,7.0,0.5040198351655688,0.2514617473803816,0.09840134850570133
Oppo,84,6.0,0.21530514334638914,0.3456612155921816,-0.10548036297162373
Oppo,85,9.0,0.3805672228336334,0.21180192016721974,-0.05428835335705015
Oppo,86,9.0,0.36826249543163514,0.24049421217410244,0.02785527954498928
Oppo,87,7.0,0.38086560155664173,0.30512420263419093,-0.20927906462124415
Oppo,88,5.0,0.4329296052455902,0.2734648593060883,0.19503359198570253
Oppo,89,6.0,0.614907756447792,0.14847743577947492,0.06440610873202483
Oppo,90,7.0,0.47097860276699066,0.29767082818066665,0.0433653997523444
Oppo,91,1.0,0.749984622001648,,0.1221603751182556
Oppo,92,4.0,0.5286098159849644,0.2439753001469571,0.4427989311516285
Oppo,93,10.0,0.40899765565991403,0.22872425475105798,0.4446778021752834
Oppo,94,4.0,0.4477050844579935,0.33982203930572036,0.6352253407239914
Oppo,95,4.0,0.444455380551517,0.33894933062288407,0.18565287534147498
Oppo,96,2.0,0.2896903455257416,0.40968401553105177,0.2395530194044113
Oppo,97,3.0,0.4831313490867615,0.12599435884518478,0.33415952573219937
Oppo,98,1.0,-0.0108584584668278,,0.8499486446380615
Oppo,99,3.0,0.5994383692741394,0.08798285853460004,-0.10729364305734634
Oppo,100,2.0,0.3872840702533722,0.01737908439607311,0.21654806099832055
Oppo,101,5.0,0.33341497667133807,0.23110994377237143,0.29811947494745256
Oppo,102,4.0,0.5522833690047264,0.1664644783767762,0.2767990827560425
Oppo,103,1.0,0.0,,0.0
Oppo,105,3.0,0.35049718121687573,0.1775275124385319,0.16639668494462964
Oppo,106,4.0,0.4649668103083968,0.2907725718097691,0.10226951260119675
Oppo,107,11.0,0.3258311755277894,0.27261280574126334,0.08800825612111528
Oppo,108,10.0,0.45475962311029433,0.27956984695243436,0.1641423873603344
Oppo,109,9.0,0.550682567887836,0.16326982017640454,-0.4035447978725036
Oppo,110,8.0,0.39051045291125774,0.19857668701128728,-0.017712666885927306
Oppo,111,10.0,0.46550958454608915,0.21375115609744882,0.3519016407430172
Oppo,112,3.0,0.6439768274625143,0.11237795340302363,-0.012088504930337265
Oppo,113,6.0,0.46162638782213133,0.27402038386964944,0.156575517108043
Oppo,114,6.0,0.5990117390950521,0.08180622490780355,0.25712696959575015
Oppo,115,8.0,0.35365011543035507,0.25549918449932635,0.17568927258253098
Oppo,116,1.0,0.3378193974494934,,0.0731275379657745
Oppo,117,9.0,0.21404846178160775,0.3170914066016676,0.21698603903253874
Oppo,118,13.0,0.49140257789538455,0.2123316748827234,0.161150327955301
Oppo,119,19.0,0.3805811048338288,0.27535017094487735,0.42498869311652687
Oppo,120,6.0,0.3923972050348918,0.2647162497681239,0.060747575635711315
Oppo,121,10.0,0.4019077643752098,0.2968772896007358,0.015465132147073745
Oppo,122,8.0,0.5492015955969691,0.2427210444473021,-0.0028189131990074834
Oppo,123,12.0,0.3512275505733366,0.27443380839679987,-0.020684878962735343
Oppo,124,19.0,0.5404524942247295,0.20850562553872073,0.1505779200478604
Oppo,125,19.0,0.4146407207376079,0.20990553441829513,0.14621915962350995
Oppo,126,22.0,0.4057382502677766,0.3018772384432839,0.1445570107210766
Oppo,127,15.0,0.3836752712726593,0.24150661539297993,0.24656727587183316
Oppo,128,17.0,0.3331513957613531,0.2825168170004,0.2562954029177918
Oppo,129,16.0,0.5176915023475885,0.18004722629384057,0.18560108821839094
Oppo,130,12.0,0.5017197156945864,0.15992427441615675,0.00869796487192311
Oppo,131,11.0,0.5356279872357845,0.26523271371155965,0.29574973034587776
Oppo,132,16.0,0.5747596947476268,0.15350090757813192,0.2599762179888785
Oppo,133,9.0,0.5002995791534582,0.2519190389306265,-0.09405724869834052
Oppo,134,6.0,0.4025065153837204,0.3412916943415773,0.05861976742744442
Oppo,135,9.0,0.31604524370696807,0.24692824177518027,-0.004516328374544792
Oppo,136,14.0,0.40341577998229433,0.2941839108463497,0.17007683430399215
Oppo,137,10.0,0.3801585465669632,0.3179110808823202,0.11843980252742767
Oppo,138,6.0,0.5832032660643259,0.14807767546170783,0.33200035740931827
Oppo,139,5.0,0.39167046546936035,0.36306850537489876,0.07713036686182018
Oppo,140,7.0,0.5187021744038377,0.24387538357608818,0.3036875432091099
Oppo,141,4.0,0.362237062305212,0.32886740821077787,-0.2152426894754171
Oppo,142,5.0,0.3947771295905113,0.20648977653097025,0.13483621627092363
Oppo,143,8.0,0.35748469944519456,0.30670333483520795,0.395504740299657
Oppo,144,5.0,0.592726057767868,0.13594168151493274,0.02869029641151428
Oppo,145,4.0,0.36095054261386395,0.3013782131048122,0.19159341603517532
Oppo,146,6.0,0.4651523257295291,0.2009877543492039,0.16835169990857443
Oppo,147,3.0,0.6670325001080831,0.10683637950902432,0.32359734922647476
Oppo,148,4.0,0.382322401041165,0.3029067818739513,-0.17504629399627447
Oppo,149,5.0,0.5977515459060669,0.09027961281001626,-0.026283253729343436
Oppo,150,1.0,0.5765887498855591,,0.9439338445663452
Oppo,151,1.0,0.723887026309967,,0.0443091765046119
Oppo,152,4.0,0.6626479625701904,0.04528812912445208,-0.6670596748590469
Oppo,153,1.0,0.0,,-0.0219499766826629
Oppo,155,3.0,0.5395744244257609,0.1700411487367968,-0.29992133130629856
Oppo,156,2.0,0.0062115658074617,0.008784480608485322,0.4519813470542431
Oppo,157,3.0,0.18858968714872992,0.265145364051298,0.7044888138771057
Oppo,158,2.0,0.6884475350379944,0.03135885687234857,0.48332526534795756
Oppo,160,3.0,0.22072433431943253,0.34014862574511345,0.4862929383913676
Oppo,161,3.0,0.4555211812257767,0.3345439730862006,0.1481507246692975
Oppo,162,2.0,0.43498364090919495,0.339384758088821,0.1698735989630222
Oppo,163,4.0,0.09701357409358026,0.2911688547851184,0.15318450238555673
Oppo,164,1.0,0.4246158897876739,,0.2919930517673492
Oppo,165,2.0,0.42114415764808655,0.20653983033751452,0.4777300655841827
Oppo,166,2.0,0.7000974416732788,0.008969270831603359,0.1179758124053478
Oppo,168,2.0,0.7173082828521729,0.007712451809008499,0.5485080406069756
Oppo,169,2.0,0.21360640227794644,0.30208507111119504,0.03854105249047275
Oppo,170,2.0,0.20685229822993279,0.32597993711486295,0.8870629966259003
Oppo,171,1.0,0.6315790414810181,,0.1424939185380935
Oppo,172,1.0,0.5445801615715027,,0.4346230924129486
Oppo,173,2.0,0.31579574942588806,0.44660263177786647,-0.2638995349407196
Oppo,174,1.0,0.7172197699546814,,0.5652766227722168
Oppo,175,3.0,0.044941470492631204,0.08191253550758511,0.6841922750075659
Oppo,176,1.0,-0.2075957506895065,,0.2969160377979278
Oppo,177,4.0,0.272652730345726,0.31642699166519733,-0.027008173987269422
Oppo,178,1.0,0.7432635426521301,,-0.8947343826293945
Oppo,179,3.0,0.5849530001481374,0.14002202874006586,0.3116558815042178
Oppo,180,3.0,0.2887702037890752,0.23238510159558529,0.10121631622314453
Oppo,181,1.0,0.5358872413635254,,0.9693397879600524
Oppo,182,2.0,0.5486802607774734,0.21206707341835443,0.09663121588528155
Oppo,183,2.0,0.6393482089042664,0.02178317718437047,0.24684476852416992
Oppo,184,3.0,0.16936588784058884,0.22986418203822429,0.014832243323326092
Oppo,185,3.0,0.44173492522289354,0.3874646241260072,0.41818902144829434
Oppo,187,2.0,0.3075178861618042,0.43489596528232904,-0.15494451113045216
Oppo,189,2.0,0.37627192586660385,0.33938662308686757,-0.0024938024580479015
Oppo,190,4.0,0.2998214963590726,0.3508836876888464,0.3607134483754635
Oppo,195,2.0,0.626224935054779,0.10240234336558475,0.0014366796240210498
Oppo,197,1.0,0.6606624126434326,,-0.1352220922708511
Oppo,199,1.0,0.6445693969726562,,0.2338422387838363
Oppo,200,2.0,0.5873212665319443,0.18944192864128184,0.4980001449584961
Oppo,202,1.0,0.2896052598953247,,0.0878992527723312
Samsung,0,994.0,0.5070942636659852,0.1734708505006276,0.16789834197213352
Samsung,1,338.0,0.534536378631732,0.1530359626905635,0.06114386509795337
Samsung,2,195.0,0.5304358329814978,0.1610270264188985,0.05570908718957351
Samsung,3,116.0,0.5118357857432345,0.18977284518000867,0.09877648387618106
Samsung,4,82.0,0.49612392466969607,0.19533065477534467,0.07124285736098522
Samsung,5,161.0,0.5568382963653862,0.15408545035255833,-0.027192055803046834
Samsung,6,91.0,0.5421675881677932,0.13596084932289812,0.03269658354366873
Samsung,7,52.0,0.5230358774558856,0.15213141646954725,-0.025461947115568023
Samsung,8,56.0,0.5063326167874038,0.1722289410561234,0.05719141495813216
Samsung,9,96.0,0.5136375588966379,0.17097111347694738,0.07956744474358857
Samsung,10,104.0,0.5240639313482321,0.1629725944490377,-0.011939485539467292
Samsung,11,70.0,0.4871715651958117,0.1864862094282504,0.07067676763981581
Samsung,12,114.0,0.48584697873478655,0.17949293492720877,0.045085330412053225
Samsung,13,102.0,0.48723714561064674,0.1858301037033406,0.16820755007439384
Samsung,14,85.0,0.5309395260670606,0.1605321045975485,0.07414277467657537
Samsung,15,89.0,0.5037495451613089,0.16647458468751117,0.13756481633427436
Samsung,16,139.0,0.49000958580081516,0.17453702641291644,0.20205016423472397
Samsung,17,183.0,0.4819395283715484,0.1851145868154532,0.15815951527589983
Samsung,18,171.0,0.5030211181058521,0.17174484554896172,0.19390334460165418
Samsung,19,195.0,0.4719811452910877,0.19546504619360142,0.11622951465826004
Samsung,20,199.0,0.4748632754854409,0.18993723785455288,0.17187476987440384
Samsung,21,166.0,0.47827102659068194,0.1904166903332496,0.21880797327058502
Samsung,22,150.0,0.4820759533594052,0.1960367359299695,0.11228674908479054
Samsung,23,206.0,0.43824529526721306,0.21784701950841015,0.16589414642997158
Samsung,24,194.0,0.44353948506651464,0.22102993804027632,0.12417614108585205
Samsung,25,181.0,0.4907739158894723,0.18778614099885912,0.09595428331039887
Samsung,26,151.0,0.47835946617191594,0.1975423989040162,0.14810675734172987
Samsung,27,136.0,0.47628518930800695,0.2004250759352725,0.1920488167225438
Samsung,28,125.0,0.4312100457549095,0.2291451171899415,0.18217019848525523
Samsung,29,127.0,0.5224835009966778,0.17785861592165783,0.04935372717619881
Samsung,30,141.0,0.46930997891860177,0.2102929512654441,0.12646779218516874
Samsung,31,114.0,0.4738348721640936,0.19473432111972586,0.16496918848797418
Samsung,32,95.0,0.4875811857673781,0.18874075938132578,0.20933813111562477
Samsung,33,98.0,0.4685133446901276,0.1914713260944288,0.08732275826362323
Samsung,34,137.0,0.47758053056385885,0.19849288831527392,0.11911782716149397
Samsung,35,129.0,0.4817031576792717,0.18778086693051535,0.21145759659364474
Samsung,36,117.0,0.45683577759032196,0.20479253629371288,0.13659771313715693
Samsung,37,113.0,0.5029182228737766,0.18629684561274984,0.1176279293851251
Samsung,38,107.0,0.4563169942507259,0.2017642789867883,0.06314417801658127
Samsung,39,92.0,0.4778377794782105,0.1852048476183768,0.23998348947371478
Samsung,40,70.0,0.4793931944827948,0.2012566959006312,0.17167940411184515
Samsung,41,94.0,0.48505469688036024,0.16806962674647452,0.04361001366471991
Samsung,42,79.0,0.4762857997719246,0.2000336408670211,0.22843864083855966
Samsung,43,78.0,0.46240972388440216,0.1854562763979653,0.20702880845429042
Samsung,44,76.0,0.45008995040859046,0.20593655841765593,0.11651871233296238
Samsung,45,86.0,0.4562614115833597,0.19678221099580417,0.14822719588355962
Samsung,46,82.0,0.4755999154706554,0.18594035549979995,0.08778004598145078
Samsung,47,80.0,0.49326952125993556,0.16939596376816568,0.14145429506897927
Samsung,48,126.0,0.48603632531705354,0.16939408671567247,0.14370470406812808
Samsung,49,73.0,0.47436762925664805,0.19466644461162624,0.13335670068962116
Samsung,50,65.0,0.4619304860154024,0.19940865107718267,0.17679844395472452
Samsung,51,70.0,0.4886021717218682,0.19418625464985,0.1748433415112751
Samsung,52,37.0,0.45011252285660924,0.20859819494925963,0.2776269779817478
Samsung,53,37.0,0.4586982188393941,0.2234891541895408,0.1342261187430169
Samsung,54,15.0,0.4885930955410004,0.1363399336841883,0.14625707467397053
Samsung,55,33.0,0.4594456313008612,0.17765231312875562,0.20538054790460702
Samsung,56,28.0,0.5124102261449609,0.1526750225466958,0.21767812767731293
Samsung,57,20.0,0.539370733499527,0.12252557670074672,0.17283044420182705
Samsung,58,26.0,0.5224032556781402,0.13684850263417267,-0.08254913957073139
Samsung,59,22.0,0.42716448402709584,0.2172598294165791,0.1419607036831704
Samsung,60,19.0,0.45214432556378215,0.19407242322028428,0.2603599468344136
Samsung,61,16.0,0.48326950139016844,0.20139589869222274,0.0724380400497466
Samsung,62,10.0,0.4706049397587776,0.21023121048538948,0.03720326237380506
Samsung,63,16.0,0.48158432403579354,0.19167307561174213,0.018545654136687517
Samsung,64,17.0,0.41281184751321287,0.23148912094844962,0.2946242508204544
Samsung,65,14.0,0.46441846234457834,0.23251161227154432,-0.035986510770661506
Samsung,66,15.0,0.5431228955586751,0.10810219751612846,0.2204545712719361
Samsung,67,21.0,0.49011425288128,0.20476632446214413,0.02481204289056005
Samsung,68,25.0,0.4785179208451882,0.20106408592830602,0.18790482483804227
Samsung,69,18.0,0.5050842041770617,0.13842297809578677,0.24052165697018305
Samsung,70,11.0,0.5620202801444314,0.09783419532460184,0.12152980064803899
Samsung,71,33.0,0.5421145472562674,0.1593970023704179,0.1462191849043875
Samsung,72,22.0,0.528378673913804,0.18278686789894683,0.20598395507444034
Samsung,73,31.0,0.44759067316209117,0.2322914628824683,-0.0318862955656744
Samsung,74,28.0,0.562446945479938,0.1097101457255761,0.03577593780521835
Samsung,75,39.0,0.3865690363618808,0.24336440661174125,0.23873770198760888
Samsung,76,46.0,0.4323489692305093,0.21382299949772174,0.048615889785730323
Samsung,77,28.0,0.4723585612539734,0.1851991310054576,0.16022629071293132
Samsung,78,32.0,0.392526734911371,0.21878567939583826,0.16945461928844452
Samsung,79,30.0,0.49871561601758,0.17872105409810266,0.2599030425151189
Samsung,80,34.0,0.45581167607622985,0.20062220321352517,0.07277453460675828
Samsung,81,27.0,0.5239167643917931,0.1262047314088715,0.1090846100339183
Samsung,82,40.0,0.4136302851722576,0.20834166733337608,0.29687381256371737
Samsung,83,38.0,0.5382692485459541,0.16306115587776285,0.23425360925887762
Samsung,84,51.0,0.4617251634743868,0.20459111564848972,0.12545102805483574
Samsung,85,51.0,0.4376596094054334,0.20584347916194157,0.12733454038115108
Samsung,86,32.0,0.4453305620700121,0.18783353193637203,0.1823942163027823
Samsung,87,32.0,0.4935803273692727,0.19513344262670526,0.21785588294733316
Samsung,88,52.0,0.45440036029769826,0.18803185189092023,0.1084323340597061
Samsung,89,51.0,0.4175331037418515,0.21808567189053044,0.08700827377683976
Samsung,90,45.0,0.4255901271684302,0.20417357861664961,0.007591992368300746
Samsung,91,54.0,0.48281618041693475,0.18303952075172017,0.13737462723144778
Samsung,92,40.0,0.4361270884051919,0.2110400775116538,0.08882332881912589
Samsung,93,63.0,0.41393457628076985,0.23540462420837224,0.08585214898699806
Samsung,94,66.0,0.4986695565396186,0.17009146932469496,0.11684004990666201
Samsung,95,84.0,0.44291561331954743,0.21064652393509678,0.10464058290900928
Samsung,96,61.0,0.46550966125195387,0.20325391512852192,0.05232139530240511
Samsung,97,61.0,0.5002141867565816,0.17731713446803846,0.02500381174146152
Samsung,98,68.0,0.5171302857617026,0.16203968858393514,-0.01410728068474461
Samsung,99,36.0,0.5002370667126443,0.18096143090829378,0.06500135134491655
Samsung,100,44.0,0.5150884718380191,0.15933311986625653,0.1788009748032147
Samsung,101,23.0,0.5253709075243577,0.13875002100295303,0.027977972250917683
Samsung,102,27.0,0.48744022101163864,0.1628437039805106,0.1641211190985309
Samsung,103,34.0,0.47148845279041457,0.19398671293307201,0.21449637818424142
Samsung,104,37.0,0.5026578234659659,0.18021940457551752,0.22451791836804635
Samsung,105,36.0,0.4808033476066258,0.2297954613481515,-0.1123409953692721
Samsung,106,30.0,0.5053018194933733,0.14510511599315945,0.0010836046189069749
Samsung,107,30.0,0.5397571742534637,0.12356995273151514,0.014883224417765918
Samsung,108,48.0,0.46088480949401855,0.18707054669233178,-0.04002888104878367
Samsung,109,52.0,0.43482692652525234,0.2214274585666563,0.12002657128211397
Samsung,110,44.0,0.48723800700496545,0.19384110939492807,0.04023821440271355
Samsung,111,40.0,0.4994893781840801,0.19890132972712965,0.09910512501373887
Samsung,112,29.0,0.4238124210708614,0.21986717117855045,0.07028841432826273
Samsung,113,34.0,0.44271303852335275,0.22340166698542613,0.18961834458305554
Samsung,114,27.0,0.49880446631599357,0.18016297971701095,0.301497520878911
Samsung,115,18.0,0.42591098613209194,0.1940160710834219,0.1424718126654625
Samsung,116,21.0,0.4863041543534824,0.18669871479375083,0.0030119468768437744
Samsung,117,24.0,0.4771640272811055,0.18147855831315532,-0.046606158992896475
Samsung,118,36.0,0.4792760513826377,0.21763339648691918,-0.016483205267124705
Samsung,119,27.0,0.5312750822416058,0.1518452044811987,0.048784098139515626
Samsung,120,38.0,0.4687400319564499,0.18398372053275758,0.006127626390049332
Samsung,121,35.0,0.43644174560904503,0.21392176720792866,0.022319344218288153
Samsung,122,30.0,0.513461900750796,0.1711851777530121,-0.053359700739383696
Samsung,123,30.0,0.4887663791577021,0.1941496913587836,-0.0711860965937376
Samsung,124,35.0,0.47289586939982003,0.14695959421972513,0.2340718928192343
Samsung,125,36.0,0.5248058095781339,0.22327777696273263,0.26248573708451456
Samsung,126,19.0,0.4919557994917819,0.15603346421125439,0.0008230764222772487
Samsung,127,19.0,0.4324592167609616,0.22552262569627524,0.1069730841799786
Samsung,128,32.0,0.38050714042037725,0.21429719200166214,0.32231839769519866
Samsung,129,33.0,0.4525309624997052,0.20802941405374306,0.3701975933191451
Samsung,130,19.0,0.4542195083279359,0.1896047988123545,0.1251739024331695
Samsung,131,36.0,0.3513895882707503,0.2659524772992854,0.07107580722206168
Samsung,132,41.0,0.373410378878073,0.2469206965831074,0.06060642058529505
Samsung,133,43.0,0.4194121334788411,0.2101563107886949,0.12328014648411163
Samsung,134,45.0,0.36956113307840294,0.2602887153762449,0.22403658669855858
Samsung,135,37.0,0.4331369973920487,0.25129545119880176,0.026603885800451834
Samsung,136,42.0,0.41143889636510894,0.23144918958929797,0.11062762877416044
Samsung,137,28.0,0.4167491743906534,0.21436777361971524,0.15892263062830483
Samsung,138,27.0,0.4315432486710725,0.19402906477492896,0.15554849610284524
Samsung,139,25.0,0.45271052926778793,0.24926767668241379,0.19637205719947814
Samsung,140,23.0,0.5105387461574181,0.1794042458712359,0.27315352047267166
Samsung,141,24.0,0.4738281471654773,0.16963125363347634,0.21501733843858042
Samsung,142,22.0,0.48053770715540106,0.17768128359836705,0.11895038204436953
Samsung,143,24.0,0.37349953409284353,0.278217370844686,0.05203909946916003
Samsung,144,26.0,0.42856680716459566,0.24220080934226243,0.05414687999739097
Samsung,145,29.0,0.38563866788071804,0.27163793729202884,0.2702181653986717
Samsung,146,20.0,0.46022164076566696,0.17562211097577976,0.31766256745904686
Samsung,147,19.0,0.339216481306051,0.23870003719263425,0.08180635334237628
Samsung,148,44.0,0.46328682435507124,0.2052145660998373,0.13602940348738973
Samsung,149,73.0,0.4128190121894115,0.2313710933836275,0.22209742231524154
Samsung,150,36.0,0.46206875176479417,0.18654236619695455,0.15741103566769096
Samsung,151,33.0,0.447023693472147,0.21884025144993693,0.004556212912906299
Samsung,152,28.0,0.4142040084116161,0.23405793568124647,-0.04958186937229976
Samsung,153,27.0,0.42175178105632466,0.2338769251247503,0.14757918152544233
Samsung,154,29.0,0.44029494143765546,0.24665766565988678,-0.1570996251599542
Samsung,155,16.0,0.508011057972908,0.16711707721673474,0.018475308315828443
Samsung,156,15.0,0.44457499831914904,0.22178395823576771,0.2595338632663091
Samsung,157,23.0,0.5249670497749163,0.14688780327981155,0.036773152811371765
Samsung,158,15.0,0.5017904967069626,0.19530873493670328,0.2688062055657307
Samsung,159,12.0,0.5379988724986712,0.1758709612218281,0.07360978797078134
Samsung,160,12.0,0.5236609131097794,0.18264105694204957,0.10276212201764184
Samsung,161,11.0,0.47062036395072937,0.24092080302743732,0.18192584338513287
Samsung,162,2.0,0.2505785785615444,0.24084079538537057,0.1407853364944458
Samsung,163,9.0,0.346534579164452,0.23435683943781113,0.2301713021265136
Samsung,164,5.0,0.4479437157511711,0.2099977478523095,0.19486147314310073
Samsung,165,7.0,0.3758581078478268,0.2003159290295389,0.39213223702141214
Samsung,166,3.0,0.4508637984593709,0.21535669683107062,0.2882050772507986
Samsung,167,2.0,0.5328375846147537,0.12898728992737712,0.5286201760172844
Samsung,168,8.0,0.5372469499707222,0.0886852410034365,0.1653716100845486
Samsung,169,4.0,0.4154540188610554,0.170245897479925,0.5301555469632149
Samsung,170,1.0,0.5874614715576172,,0.0626368597149849
Samsung,171,3.0,0.38941486676534015,0.3379793397172337,0.4042983849843343
Samsung,172,5.0,0.3898754626512527,0.2994986093670068,0.1804811514914036
Samsung,173,3.0,0.30609767387310666,0.2644740210995263,0.2880580524603526
Samsung,174,1.0,0.0,,0.0
Samsung,175,6.0,0.5209015210469564,0.18530500027298463,0.1905048886934916
Samsung,176,10.0,0.29123909771442413,0.3120141986579276,0.4588961459696293
Samsung,177,9.0,0.3272815100434754,0.2697813743233244,0.14673579649792778
Samsung,178,11.0,0.4398900798775933,0.19343092666771403,0.07675430957566608
Samsung,179,9.0,0.49454590678215027,0.17950892064094834,0.3097005660335223
Samsung,180,10.0,0.5354794263839722,0.15988521531162705,-0.04785298556089401
Samsung,181,4.0,0.3870374411344528,0.17006043218194092,0.13125314377248287
Samsung,182,3.0,0.6198018590609232,0.0913978165331454,0.11253843704859413
Samsung,183,2.0,0.4379821717739105,0.05741424935602578,0.5654536634683609
Samsung,184,1.0,0.5801845192909241,,-0.0660163462162017
Samsung,185,6.0,0.4144880610207717,0.23470585066425473,-0.06265528624256454
Samsung,186,4.0,0.09899277612566945,0.07970303907362301,0.45046949572861195
Samsung,187,2.0,0.5493062734603882,0.1880104320050336,0.49744484573602676
Samsung,188,4.0,0.3182569798082113,0.21207502131492761,-0.18989160377532244
Samsung,189,5.0,0.441826656460762,0.15866710630862516,-0.06482554823160172
Samsung,190,1.0,0.4248139858245849,,0.3438364863395691
Samsung,192,2.0,0.6038292348384857,0.026232409247423,0.5726997256278992
Samsung,193,2.0,0.5267549306154251,0.13747895267165502,0.07398889213800434
Samsung,194,4.0,0.5350663885474205,0.10016971410505222,0.0007346253842115298
Samsung,195,1.0,0.4296410977840423,,0.948443591594696
Samsung,198,1.0,0.6258803606033325,,0.3876377940177917
Samsung,200,1.0,0.4745456576347351,,0.0699329376220703
Samsung,202,1.0,0.5350069403648376,,0.0449572093784809
Samsung,203,1.0,0.6033088564872742,,0.052118144929409
Samsung,204,1.0,0.3988631665706634,,-0.0103653296828269
Samsung,206,1.0,0.541481077671051,,0.9644033312797546
Samsung,207,1.0,0.5946524143218994,,-0.9483983516693116
Samsung,208,1.0,0.6356325745582581,,-0.2459381520748138
Vivo,0,1420.0,0.4184714505842454,0.12717100113785207,0.08758821721569124
Vivo,1,627.0,0.41464918522426764,0.1330738899678019,0.13263533347875972
Vivo,2,388.0,0.39522313198420345,0.1429892583845964,0.11765343029071222
Vivo,3,391.0,0.40638657301292774,0.1392685203266094,0.1681927182637822
Vivo,4,313.0,0.4201791504101929,0.12909785799538714,0.08402410122795037
Vivo,5,249.0,0.39779233427748206,0.1293123001254993,0.12192691329971375
Vivo,6,239.0,0.41059590782580513,0.13139282910463337,0.11530931819245906
Vivo,7,217.0,0.3969868264817697,0.13977214484458847,0.16410202630001552
Vivo,8,215.0,0.40199676865581857,0.13216910300274531,0.14442205637000327
Vivo,9,182.0,0.39408966251597793,0.1353780542604898,0.2409184623796206
Vivo,10,182.0,0.399979643390647,0.15263816195810775,0.16666996443214324
Vivo,11,161.0,0.3912712666813446,0.14415311239289486,0.17285885979994114
Vivo,12,147.0,0.4085593529197635,0.14866051580710135,0.13309332341918734
Vivo,13,148.0,0.4128123348377444,0.1281206288354975,0.20377825464851954
Vivo,14,160.0,0.44104323592036965,0.10715646884266965,0.1612381477490999
Vivo,15,144.0,0.3981412388901744,0.13648944931636742,0.1203988787278326
Vivo,16,118.0,0.391283188188859,0.158034221993815,0.07198753826699014
Vivo,17,129.0,0.38933615026952223,0.144667520457946,0.09872346029205378
Vivo,18,109.0,0.4077374251610642,0.14019600413947836,0.1672150837172062
Vivo,19,121.0,0.41232592301550974,0.1415125008780415,0.19506343361759973
Vivo,20,105.0,0.4174302335296358,0.11988430817167196,0.1559133590509494
Vivo,21,144.0,0.3754375040492353,0.15320358095570283,0.19568307380864602
Vivo,22,151.0,0.39869036064144003,0.1375917917638585,0.20348248900907323
Vivo,23,156.0,0.4016377497165918,0.13149194985676402,0.29000517551620036
Vivo,24,122.0,0.40507961886163923,0.15194705129764552,0.2539595030553517
Vivo,25,126.0,0.3719064384728434,0.15292807170070857,0.15872240823412698
Vivo,26,94.0,0.4139237697929778,0.11970197575483905,0.14012682984801048
Vivo,27,96.0,0.3886490061243724,0.15362322304824158,0.1406097672879696
Vivo,28,118.0,0.38929126100709377,0.14389469554571763,0.23052694064454507
Vivo,29,117.0,0.38793214886552757,0.1470372844232792,0.16427828763157892
Vivo,30,125.0,0.4105748940706253,0.1422384380108598,0.08061305090785026
Vivo,31,116.0,0.40930793832602175,0.1373829936156059,0.07924779188209052
Vivo,32,87.0,0.3914496983754738,0.13754139322992856,0.06949377704368925
Vivo,33,99.0,0.40433915551149785,0.1456013461790482,0.2451439302866206
Vivo,34,62.0,0.3476597087743181,0.15731144950904047,0.09615078784765736
Vivo,35,117.0,0.3990116811110678,0.13862426279664725,0.12626829292848069
Vivo,36,86.0,0.3735075302985172,0.14860077103194477,0.20451910969216464
Vivo,37,99.0,0.3807139904661612,0.14992595520495355,0.18191212524819855
Vivo,38,79.0,0.3649610434599881,0.1698392951258183,0.22446739786787878
Vivo,39,54.0,0.40995932977508615,0.14470189767896488,0.2661304537344862
Vivo,40,54.0,0.41897784135545846,0.13707288477397006,0.20911147445440292
Vivo,41,70.0,0.39166996646672486,0.15526836886034995,0.09633853039039032
Vivo,42,54.0,0.40113211050629616,0.1487332440640724,0.25226221992461767
Vivo,43,60.0,0.3853299996505181,0.1580005779618806,0.07066263556480407
Vivo,44,68.0,0.40198221057653427,0.13153169023075229,0.08167513448964148
Vivo,45,41.0,0.420826264634365,0.11874577900516786,0.19904620332143655
Vivo,46,47.0,0.3861660618097224,0.1609377657366798,0.036131842497815474
Vivo,47,50.0,0.37288236401975156,0.15790204525761853,0.18467958621680736
Vivo,48,43.0,0.4375846898832986,0.09477458281039139,0.021086427794639453
Vivo,49,40.0,0.40055634481832386,0.1428125940082137,0.09371549729257822
Vivo,50,44.0,0.4050102565776218,0.1491122031691543,0.1872505182823674
Vivo,51,51.0,0.4038677769256573,0.12929532728319104,-0.047685488437612854
Vivo,52,37.0,0.3825868803101617,0.1547901316674508,0.1038791172810503
Vivo,53,23.0,0.37855099919049634,0.15887875466780751,0.29899337920157804
Vivo,54,14.0,0.3870827427932194,0.17718615128452683,0.1090574541262218
Vivo,55,28.0,0.44527957535215784,0.11935455968017437,0.20802905916103295
Vivo,56,19.0,0.44969887874628367,0.12085600801474619,0.20626478583404892
Vivo,57,24.0,0.3261135521655281,0.16582039131386206,0.056635152858992406
Vivo,58,31.0,0.3834427829471327,0.14532328734476244,0.13772508243639622
Vivo,59,26.0,0.34667546001191324,0.15556432517132587,0.23010548175527498
Vivo,60,10.0,0.34509332329034803,0.20100454350691888,0.30047056302428243
Vivo,61,19.0,0.3874924116228756,0.12586800596292264,0.2545162436405295
Vivo,62,20.0,0.360958757949993,0.16999968153586043,0.1944568794220686
Vivo,63,23.0,0.3902105468770732,0.17537600587493438,0.1595655355764472
Vivo,64,26.0,0.43955595734027714,0.12236645757484854,0.18799934192345694
Vivo,65,26.0,0.3255056059704377,0.20163198526942633,0.288398135596743
Vivo,66,14.0,0.37963116115757395,0.16426099728839502,0.1033537217548915
Vivo,67,23.0,0.42508694821077847,0.13413231442986556,-0.010405398419369827
Vivo,68,17.0,0.3853381236686426,0.12507814944191295,0.1310855847071199
Vivo,69,15.0,0.2941716216504574,0.20915292549631312,0.19004396498203277
Vivo,70,18.0,0.3413183143776324,0.1949219357245008,0.1626466169125504
Vivo,71,20.0,0.3593835934996605,0.16590681653787023,0.222554811835289
Vivo,72,33.0,0.4427536552715482,0.10976693216815751,-0.03958943181417205
Vivo,73,48.0,0.42140387184917927,0.0666201330941925,0.051615144203727446
Vivo,74,29.0,0.371220414494646,0.15450206077719925,0.33918837669851454
Vivo,75,27.0,0.3766585457380171,0.11519264599346299,0.11673874752940955
Vivo,76,35.0,0.37294430775301796,0.13918171763916404,0.17759813080940928
Vivo,77,29.0,0.44508362972530824,0.13505443791068883,0.1998260752137365
Vivo,78,29.0,0.37148049627912455,0.16205183483295116,0.06644729550542502
Vivo,79,42.0,0.37909955841799575,0.1690748524392051,0.06911584539782432
Vivo,80,51.0,0.36368467300838114,0.1527002604693839,0.09842629310693227
Vivo,81,46.0,0.33659582303674973,0.16682597832696805,0.014945327344795922
Vivo,82,46.0,0.3915020175602125,0.12217165648959653,0.12112905222760595
Vivo,83,32.0,0.3937062439508736,0.14548370937752783,0.11390547652263194
Vivo,84,29.0,0.4060894500078826,0.11518288794022864,0.22561661860552323
Vivo,85,23.0,0.4185949823130732,0.11506296705929192,-0.0817605035946421
Vivo,86,24.0,0.3072350756265223,0.18117866361261561,0.1606993783886234
Vivo,87,82.0,0.3638097177736643,0.1400173427036053,0.2292862255126238
Vivo,88,38.0,0.35215011930191203,0.14107712254926283,0.162272491541348
Vivo,89,53.0,0.3947850720218892,0.12180936396108663,0.1652017047031308
Vivo,90,29.0,0.3518547337373783,0.1792459786114338,-0.06555755667645356
Vivo,91,37.0,0.36135207755944215,0.1526959268076117,0.05537537903197714
Vivo,92,33.0,0.37526538426225836,0.1605368553427857,0.15403291255687224
Vivo,93,40.0,0.3695103126578033,0.157999130629346,0.1362418810836971
Vivo,94,27.0,0.39680633086849143,0.14413990467755708,0.058156437481994984
Vivo,95,37.0,0.3088861361548707,0.15781296146883692,0.23382730238340996
Vivo,96,32.0,0.335840858053416,0.14548133140798264,0.30938902718480676
Vivo,97,31.0,0.34439800529470366,0.1375680460452202,-0.0011834690888081827
Vivo,98,28.0,0.2846340115169629,0.16309269873508692,0.15264291755322898
Vivo,99,41.0,0.40408261701828097,0.09907948636844235,-0.09006332206289942
Vivo,100,24.0,0.3898375794912378,0.15182865512229857,0.14574963351090747
Vivo,101,39.0,0.35718851823073167,0.1377649058871203,0.04816922908410047
Vivo,102,37.0,0.3420050426109417,0.16176140244492068,0.05899946592949532
Vivo,103,35.0,0.37452372599925315,0.13725609725726703,0.12635358109005856
Vivo,104,28.0,0.3515414236379521,0.14784281601034002,0.04379121546766588
Vivo,105,25.0,0.31124247711151837,0.15689176379859618,0.09545870959758758
Vivo,106,18.0,0.3446829683250851,0.17243050328684964,0.10253836483591133
Vivo,107,40.0,0.28269461505115034,0.17418911729483808,0.48220783164724706
Vivo,108,20.0,0.31858584377914667,0.1644287871801443,0.07028929702937603
Vivo,109,21.0,0.27584104151243255,0.17841839010916477,0.17230288826283954
Vivo,110,16.0,0.2786739291623235,0.22092299956863062,0.19328328734263778
Vivo,111,11.0,0.32914064960046246,0.1756321195920981,0.30642032013698056
Vivo,112,18.0,0.3862304968966378,0.12980392079063158,0.17886768074499237
Vivo,113,11.0,0.3062541098757224,0.09656374749045622,0.20412683859467506
Vivo,114,4.0,0.35295319929718966,0.13945780302694533,0.08218623045831916
Vivo,115,12.0,0.2627985601623853,0.15568216831219053,0.5727165614565214
Vivo,116,12.0,0.29444025581081706,0.20712907091363827,0.4608514439314604
Vivo,117,22.0,0.3403042869811708,0.15433783640850998,0.17994387007572435
Vivo,118,15.0,0.32812048941850663,0.1844295124085847,0.21129685839017232
Vivo,119,15.0,0.40309891998767855,0.144914044382464,-0.03232865308721862
Vivo,120,11.0,0.3620845316485925,0.15576836107122774,0.3238280415534973
Vivo,121,14.0,0.3938706176621573,0.1514331211220721,0.15927615761756897
Vivo,122,10.0,0.33542477786540986,0.18075583367662837,0.2929614014923573
Vivo,123,13.0,0.37768884286588916,0.16152596439891875,0.11651627604777996
Vivo,124,7.0,0.3178012328488486,0.13515939104275043,0.3833365435046808
Vivo,125,6.0,0.3715151796738307,0.18444664687164436,0.14794221272071204
Vivo,126,10.0,0.46365699768066404,0.06535401874744093,0.20563703011721374
Vivo,127,9.0,0.29647208915816414,0.15681907498480815,-0.00835069517294564
Vivo,128,8.0,0.4095187149941921,0.07831580866266791,-0.1276440816000104
Vivo,129,8.0,0.30485245026648045,0.1790524108594394,0.3745692558586598
Vivo,130,13.0,0.3513610480496517,0.1723559831586386,0.17702273480021036
Vivo,131,11.0,0.4169968366622925,0.0793154510342227,-0.07865995507348668
Vivo,132,11.0,0.34820783815600653,0.20451137740423045,-0.27619741586121643
Vivo,133,16.0,0.41862909495830536,0.10154820442903069,-0.0058395315427333325
Vivo,134,10.0,0.37965066730976105,0.12080325910104228,0.06996213272213933
Vivo,135,18.0,0.4052685271534655,0.11719215097653754,-0.0071190668063031304
Vivo,136,7.0,0.39359318145683836,0.1732076780488524,0.6225570738315582
Vivo,137,4.0,0.43017101660370827,0.18558074269599137,0.06702129542827602
Vivo,138,6.0,0.4053506553173065,0.10692259178706955,0.127286482291917
Vivo,139,4.0,0.32031124085187906,0.22254592232064477,0.19678933173418045
Vivo,140,10.0,0.4108473390340805,0.08187573245402985,-0.15914971977472306
Vivo,141,2.0,0.25797587633132935,0.3648329830728503,0.15370619297027585
Vivo,142,11.0,0.263797155872453,0.23025521295522305,-0.0473594143986702
Vivo,143,12.0,0.3658880429963271,0.0974115765283827,-0.13642519743492207
Vivo,144,7.0,0.3361577285187585,0.18354998959991514,0.05560793993728502
Vivo,145,7.0,0.3763205941234316,0.13930997219414476,0.08643819232072149
Vivo,146,10.0,0.3641211181879044,0.18353652966590103,0.057558831945061686
Vivo,147,12.0,0.39593684176603955,0.1121137762514122,-0.021699422970414176
Vivo,148,13.0,0.38921983482745975,0.1528929388317463,-0.04526489313978415
Vivo,149,8.0,0.3872340954840183,0.15983015455139363,-0.18343978933990002
Vivo,150,5.0,0.3931856542825699,0.13684261356527672,-0.37590005397796633
Vivo,151,5.0,0.348323392868042,0.20406767657365132,-0.044306939840316785
Vivo,152,6.0,0.31693106548239786,0.21726717992652167,0.3039521003762881
Vivo,153,5.0,0.3931212961673737,0.16915377291207287,-0.26092673540115363
Vivo,154,4.0,0.3435552641749382,0.1255264419423998,0.21121565252542496
Vivo,155,3.0,0.4515823523203532,0.075304654204696,0.1285862922668457
Vivo,156,3.0,0.4061434368292491,0.091829688627017,0.10369358956813805
Vivo,157,2.0,0.4377707690000534,0.023868329294174186,-0.0781756900250912
Vivo,158,9.0,0.3141633938584063,0.16132145366887823,-0.16692889192038113
Vivo,159,8.0,0.40436432138085365,0.10047682874562405,0.36628947174176574
Vivo,160,5.0,0.35929807722568513,0.12908159862968832,0.5218682333827018
Vivo,161,2.0,0.4884897321462631,0.02647490114033043,0.1994950771331787
Vivo,162,1.0,0.4887287318706512,,-0.6274424195289612
Vivo,163,4.0,0.3907523211091756,0.19948241219441626,-0.3797621261328459
Vivo,164,7.0,0.4312090447970799,0.04140666804485965,-0.17058377925838744
Vivo,165,5.0,0.449060320854187,0.1252537711324318,-0.04553213864564898
Vivo,166,7.0,0.36613195283072336,0.11723916756073521,-0.025662376412323544
Vivo,167,2.0,0.4617171734571457,0.11407670430173861,-0.23077300190925598
Vivo,168,1.0,0.3395217955112457,,0.9559842944145204
Vivo,169,10.0,0.22639504877733999,0.22006197160217664,0.28303148224949837
Vivo,170,2.0,0.4754174053668976,0.036383814886059955,-0.2354701124131679
Vivo,172,2.0,0.47543808817863464,0.016773054861334964,-0.8128204047679901
Vivo,173,4.0,0.32687779515981674,0.17102468772287358,-0.1374925374984741
Vivo,175,6.0,0.27756922319531435,0.20910921970009266,0.41757428149382275
Vivo,176,3.0,0.35566147168477374,0.19860042188573646,-0.14246654510498047
Vivo,177,3.0,0.37240898609161377,0.18096446195418628,0.2598903762797515
Vivo,180,2.0,0.42479366064071655,0.03617278561556587,0.8265454769134521
Vivo,181,3.0,0.4451117316881816,0.05339645839365802,0.2969220081965129
Vivo,183,1.0,0.4768542647361755,,-0.7700822949409485
Vivo,184,1.0,0.0,,0.0
Vivo,188,1.0,0.4788597822189331,,0.1756744235754013
Vivo,191,1.0,0.4231876730918884,,-0.0289974957704544
Vivo,192,3.0,0.24078725526730219,0.181491139891623,0.07176700358589487
Vivo,193,1.0,0.2889575362205505,,0.0620639100670814
Xiaomi,0,1766.0,0.4687678289410789,0.16167454183851612,0.12046158863052236
Xiaomi,1,419.0,0.4692564876550066,0.16440373034186073,0.14762737886059968
Xiaomi,2,248.0,0.4615297589691416,0.1755419371884279,0.15200714603997767
Xiaomi,3,230.0,0.47580645523317483,0.15362693063059454,0.10317881602955901
Xiaomi,4,179.0,0.4717551678335866,0.17403188190643923,0.10826892439047052
Xiaomi,5,149.0,0.4640235353836277,0.14940935238766104,0.10127960475499198
Xiaomi,6,141.0,0.4440381833622959,0.1776189648052841,0.07414740781095011
Xiaomi,7,140.0,0.4347245033630835,0.1994329783449541,0.04229533314438803
Xiaomi,8,123.0,0.47045800881838895,0.1496337445028992,0.07836601121457128
Xiaomi,9,139.0,0.4591739814487293,0.1669786183027648,0.03831171143880422
Xiaomi,10,102.0,0.4531880945478584,0.17583860337751667,0.1374356910659402
Xiaomi,11,106.0,0.48321300692294006,0.14631429389019737,0.00913504263350986
Xiaomi,12,130.0,0.48110112747750605,0.16229138120070466,0.08329881320779141
Xiaomi,13,108.0,0.4376986986371102,0.1778346937731848,0.004287434948815239
Xiaomi,14,90.0,0.41153671302729183,0.21419568983389567,0.11774556674063205
Xiaomi,15,98.0,0.46538779226949023,0.16370306653714892,-0.002350051678260978
Xiaomi,16,94.0,0.4393175552658578,0.19437924482632946,0.08682484506688853
Xiaomi,17,97.0,0.4305540903557822,0.20079714975340404,0.0112534107582778
Xiaomi,18,89.0,0.4596787364630217,0.16573607891981829,-0.01373266139894389
Xiaomi,19,108.0,0.40817699055359874,0.2057417812693656,0.09650862623971922
Xiaomi,20,143.0,0.4043569056825204,0.19493876424450154,0.1351933367289863
Xiaomi,21,149.0,0.41383345980172187,0.1832860845697032,0.09798118814625996
Xiaomi,22,163.0,0.4161540891038128,0.1978624547499592,0.07391857849491154
Xiaomi,23,115.0,0.43071605002750524,0.20300614195285382,0.04369865667236888
Xiaomi,24,120.0,0.39282026362294953,0.2279868153715943,0.019194140937179326
Xiaomi,25,113.0,0.4480416075186392,0.17539253228435855,0.05730839322560129
Xiaomi,26,81.0,0.47180836656947195,0.16769845043475298,0.0160191944213929
Xiaomi,27,69.0,0.4457055882051371,0.17240018748648717,0.034027506934775825
Xiaomi,28,52.0,0.49550887788287723,0.15416283568587683,0.05780754245531101
Xiaomi,29,70.0,0.44352109969726633,0.17755368113638084,0.05378742002482925
Xiaomi,30,60.0,0.4622859676368535,0.16944283018244494,0.0777650315935413
Xiaomi,31,66.0,0.4785415105465235,0.14768532640035228,0.07662683578603195
Xiaomi,32,62.0,0.4271555302604552,0.19152850807266555,0.08057547934473522
Xiaomi,33,45.0,0.45154011063019023,0.18113113921675456,-0.03807201815976038
Xiaomi,34,76.0,0.4550685523457727,0.15717044551783638,-0.0010184329983435238
Xiaomi,35,55.0,0.4785154166546735,0.16197799982094496,0.12306628592989662
Xiaomi,36,45.0,0.4393182555834452,0.1443291815065789,0.07439596210088995
Xiaomi,37,49.0,0.468241127721053,0.16884695362763466,-0.1263676877228581
Xiaomi,38,55.0,0.4699279143051668,0.1423340839253454,-0.004038033295761457
Xiaomi,39,58.0,0.45672676635199577,0.1523601788591887,-0.007398816467872996
Xiaomi,40,51.0,0.448920905882237,0.1659704540677028,0.03688839764571657
Xiaomi,41,47.0,0.41463242344399714,0.19985448486656646,0.047495976566000186
Xiaomi,42,54.0,0.42962069747348625,0.20002105728839792,0.17459660292499596
Xiaomi,43,55.0,0.448957753858783,0.18806165892320453,0.1092761141332713
Xiaomi,44,51.0,0.46992385774558665,0.145894026721195,0.010025637333883957
Xiaomi,45,60.0,0.4523375516291708,0.1689117916030421,-0.05158148190627497
Xiaomi,46,44.0,0.3145434631320334,0.2219078705515466,0.026626612652431828
Xiaomi,47,55.0,0.4430796343494545,0.15556521068178517,0.04174837385388937
Xiaomi,48,37.0,0.4524079741708733,0.16422096123904778,0.039559370460542476
Xiaomi,49,28.0,0.3878739806158202,0.1679625828608767,0.008981130351977682
Xiaomi,50,47.0,0.4443905141125334,0.14762941922166006,-0.067811638988713
Xiaomi,51,40.0,0.42180852238088845,0.15870211624717548,-0.020393963670358062
Xiaomi,52,38.0,0.4625659743814092,0.1866756544021339,0.09407907636149933
Xiaomi,53,48.0,0.4817555163366099,0.15117796427403998,-0.09807836664064477
Xiaomi,54,36.0,0.5025306339893076,0.1219512974856973,-0.08032412433789836
Xiaomi,55,15.0,0.42971677482128146,0.1777495917657081,0.05680380016565323
Xiaomi,56,19.0,0.38928462643372386,0.21470183804434143,-0.03960491736468516
Xiaomi,57,26.0,0.4512039680893605,0.16228913704152514,-0.0027297491637560145
Xiaomi,58,27.0,0.4810262630107226,0.19326083784382994,0.054128714733653605
Xiaomi,59,22.0,0.4546108835122802,0.23645784184877636,-0.09455394609407945
Xiaomi,60,26.0,0.41137623901550585,0.19924268095051936,-0.045571476221084595
Xiaomi,61,12.0,0.42578882289429504,0.21242385568709274,0.1396165688832601
Xiaomi,62,24.0,0.4557286240160465,0.161703958666196,0.007531866586456694
Xiaomi,63,15.0,0.5116025149822235,0.10697604498693832,-0.004163295030593872
Xiaomi,64,20.0,0.4107452944270335,0.1879927295856092,-0.031146293506026268
Xiaomi,65,19.0,0.5339959922589754,0.11320963181799175,0.07237478031923897
Xiaomi,66,28.0,0.496531040008579,0.16894690113511854,-0.01774470062394227
Xiaomi,67,24.0,0.488841587677598,0.14261853688181833,0.019468707032501708
Xiaomi,68,10.0,0.44598826915025713,0.2071496732755168,0.3913422927260399
Xiaomi,69,10.0,0.5414320468902588,0.07537454099993121,-0.12255347669124603
Xiaomi,70,7.0,0.3618350215256214,0.24049027843128867,-0.08757483586668968
Xiaomi,71,11.0,0.5100930766625837,0.12863311295392968,0.2844875759699128
Xiaomi,72,8.0,0.46246014907956123,0.1786501231981722,0.5361940921284258
Xiaomi,73,1.0,0.5760951638221741,,0.0758381634950637
Xiaomi,74,11.0,0.4265974783761935,0.16527640853923392,0.19452408667315135
Xiaomi,75,4.0,0.5103375166654587,0.16583938544269364,-0.10213676281273366
Xiaomi,76,6.0,0.4855614975094795,0.16982814753786424,0.309559416025877
Xiaomi,77,7.0,0.4775201678276062,0.13612435785865748,-0.1735703897263323
Xiaomi,78,17.0,0.4646243045435232,0.1713532449518064,0.09696219160276301
Xiaomi,79,10.0,0.4511280465871096,0.15369761858299688,-0.11328065395355225
Xiaomi,80,12.0,0.49546802788972855,0.1678109186304213,0.07640899283190566
Xiaomi,81,11.0,0.4902896298603578,0.13227142548939794,-0.09274846823378041
Xiaomi,82,13.0,0.5187134513488183,0.06951229262489883,-0.041543134273244776
Xiaomi,83,18.0,0.4094106749527984,0.21288287776527395,0.04470284593602022
Xiaomi,84,22.0,0.46258623423901474,0.18507006408140383,-0.10141391188583591
Xiaomi,85,23.0,0.5203541057265323,0.10517672597105246,0.034060898601360946
Xiaomi,86,23.0,0.46577818594549014,0.13186052773582918,-0.08832169518522594
Xiaomi,87,23.0,0.46408713382223377,0.16951502716731895,-0.11364867764970532
Xiaomi,88,45.0,0.4426536773641904,0.17022242511035698,-0.008790147056182236
Xiaomi,89,34.0,0.5059339535586974,0.12299277612606448,-0.055873940644018794
Xiaomi,90,32.0,0.3868591092177667,0.21331807924051324,-0.10741701419465244
Xiaomi,91,34.0,0.47617822973167195,0.14932009679467204,0.10991620907888693
Xiaomi,92,30.0,0.39552602532009284,0.20034010570808616,-0.11589574913183849
Xiaomi,93,15.0,0.43883216281731924,0.1837535933472504,0.12301128606001537
Xiaomi,94,28.0,0.5156506310616221,0.07172111223969259,0.019753693602979187
Xiaomi,95,27.0,0.4320851785165292,0.18762560852604243,0.2144381893729722
Xiaomi,96,39.0,0.4873035336152101,0.13556185023937883,-0.1093838211053457
Xiaomi,97,34.0,0.4315183022990823,0.20567306024955428,0.09413204637958723
Xiaomi,98,29.0,0.479655129128489,0.16144224180814556,-0.10755599842503152
Xiaomi,99,21.0,0.39778591843233224,0.2236217213060243,0.015187908141385945
Xiaomi,100,16.0,0.5154095347970724,0.09973825383759728,0.157950468827039
Xiaomi,101,80.0,0.4212724064476788,0.1659482511173062,0.12586081528570503
Xiaomi,102,30.0,0.39376731428007283,0.2505917389640661,0.12741547698775926
Xiaomi,103,17.0,0.3946402256979662,0.20348783084952074,-0.008122989360023947
Xiaomi,104,37.0,0.4297922854689327,0.17894802166918855,0.12094960663769697
Xiaomi,105,25.0,0.4825216782093048,0.10187443804711033,0.11772646963596343
Xiaomi,106,28.0,0.49865027729954037,0.12077202029198751,-0.030806558605815684
Xiaomi,107,14.0,0.5227662537779126,0.09353177857600241,0.5680400025365608
Xiaomi,108,16.0,0.4536930304020643,0.1646907426033725,-0.019251300487667322
Xiaomi,109,15.0,0.47934602697690326,0.15960368553760793,0.16991268893082936
Xiaomi,110,11.0,0.3497033261440017,0.21612561095563854,0.32903534038500354
Xiaomi,111,6.0,0.4732791682084401,0.23604021385913948,0.3180298786610365
Xiaomi,112,7.0,0.5441509102072034,0.06898443324657093,0.024638876318931562
Xiaomi,113,11.0,0.4609257646582343,0.13312047041896377,0.17072936486114154
Xiaomi,114,7.0,0.40219429082104136,0.29317101980562155,0.4928652729306902
Xiaomi,115,11.0,0.44374824433841487,0.1848064379216796,0.24491513588211752
Xiaomi,116,8.0,0.4901040755212307,0.11217558580374785,0.05179180204868314
Xiaomi,117,5.0,0.44178401231765746,0.26411737729097085,0.061053655296564105
Xiaomi,118,8.0,0.5237587653100491,0.0968199450608422,0.10138492379337549
Xiaomi,119,1.0,0.2256286144256591,,0.9797911047935486
Xiaomi,120,1.0,0.66205894947052,,0.0075101256370544
Xiaomi,121,1.0,0.5274255275726318,,-0.9138611555099488
Xiaomi,122,1.0,0.0,,0.9657103419303894
Xiaomi,123,4.0,0.542262002825737,0.06059061163078785,0.009334050118923153
Xiaomi,124,2.0,0.5611061453819275,0.08577347287300555,0.011191960424184803
Xiaomi,125,2.0,0.3707003593444824,0.06105763367555001,0.26845900714397436
Xiaomi,126,3.0,0.4949000080426534,0.07671747342264279,0.3567950737973054
Xiaomi,127,3.0,0.5565835038820902,0.09438801734985078,-0.42138225957751274
Xiaomi,128,1.0,0.340294748544693,,-0.1302245259284973
Xiaomi,129,1.0,0.2893786430358886,,0.6885884404182434
Xiaomi,130,3.0,0.3603854974110921,0.09449546185394517,-0.25881757338841754
Xiaomi,131,1.0,0.5348783135414124,,0.0228776037693023
Xiaomi,132,3.0,0.19871888558069864,0.2700998697677669,0.3055143381158511
Xiaomi,133,2.0,0.5059737861156464,0.006305716446260389,-0.9001515507698059
Xiaomi,134,4.0,0.5421695113182068,0.06525051145249183,-0.10081446450203657
Xiaomi,135,5.0,0.2735181421041489,0.22386021309035156,-0.2656265437602997
Xiaomi,136,5.0,0.4334905602037907,0.25389815940679844,-0.39749331772327423
Xiaomi,137,3.0,0.4309859573841095,0.08525257576541624,-0.009193291266759218
Xiaomi,138,2.0,0.3121973127126694,0.02716046177820859,0.04545235261321065
Xiaomi,139,2.0,0.37268616259098053,0.06382240371759197,0.22322966158390045
Xiaomi,140,2.0,0.1320069823414087,0.16029165882713517,-0.28058637864887714
Xiaomi,141,2.0,0.5638343989849091,0.10117894679385907,-0.3279520571231842
Xiaomi,144,1.0,0.4241132140159607,,0.273242175579071
Xiaomi,145,8.0,0.4885822869837284,0.09184638840652189,0.1460809325799346
Xiaomi,146,13.0,0.4678492614856133,0.1832105557425613,0.10826539706725341
Xiaomi,147,14.0,0.4960115293839148,0.2099699802467171,0.04812287326369967
Xiaomi,148,9.0,0.43956206573380363,0.1983120207250008,0.06254475894901487
Xiaomi,149,8.0,0.53230045363307,0.12613362851693047,0.40413386933505535
Xiaomi,150,3.0,0.5406135121981303,0.1138160196246367,-0.3205738166968028
Xiaomi,151,4.0,0.5479685738682747,0.1695492640007759,-0.29278532788157463
Xiaomi,152,4.0,0.6166027262806892,0.08110198781779078,-0.15007351338863373
Xiaomi,153,8.0,0.5019352659583092,0.09460512256536914,-0.27780121471732855
Xiaomi,154,10.0,0.47064600735902784,0.17901995152916858,-0.1281634084880352
Xiaomi,155,5.0,0.5852521657943726,0.046771937144997285,-0.052141062915325206
Xiaomi,156,7.0,0.5372518301010132,0.1011772549932226,0.45668690545218327
Xiaomi,157,14.0,0.4722044308270727,0.1932837672316013,-0.018368983907358995
Xiaomi,158,6.0,0.38269761701424915,0.23668253786480312,-0.015329745908578237
Xiaomi,159,2.0,0.3069712650030851,0.3498897152003696,0.8555425405502319
Xiaomi,161,1.0,0.6146405339241028,,-0.0049102939665317
Xiaomi,163,1.0,0.5026262402534485,,0.1525866091251373
Xiaomi,168,1.0,-0.151988536119461,,-0.8858060240745544
Xiaomi,169,1.0,-0.0377232208847999,,0.003119058907032
Xiaomi,170,1.0,0.4131600260734558,,0.9329121112823486
Xiaomi,171,1.0,0.5382950305938721,,0.829802930355072
Xiaomi,172,3.0,0.2955543051163355,0.2370630325896926,0.6256895537177721
Xiaomi,173,1.0,0.0595618747174739,,0.980732798576355
Xiaomi,174,1.0,0.3907594382762909,,0.044074147939682
Xiaomi,175,2.0,0.2762397304177284,0.19409360255444433,0.575974702835083
Xiaomi,176,1.0,0.4258235991001129,,-0.090537704527378
Xiaomi,178,1.0,0.7090604901313782,,0.8626218438148499
Xiaomi,179,1.0,0.0,,0.797659695148468
Xiaomi,180,3.0,0.3897702197233836,0.14323074419797832,0.4801880071560542
Xiaomi,183,1.0,0.5151001811027527,,0.5352100729942322
Xiaomi,184,3.0,0.4178823033968608,0.13442779475221261,0.11990157763163249
Xiaomi,191,1.0,0.2215990722179412,,0.0202150214463472
Xiaomi,193,1.0,0.0819864720106124,,0.6001467704772949
Xiaomi,194,1.0,0.0,,0.0
Xiaomi,196,1.0,0.0,,0.0
Xiaomi,198,2.0,0.4180056601762771,0.03910972553377475,0.17864079400897026
Xiaomi,200,1.0,0.2382264137268066,,0.9764655232429504
Xiaomi,202,1.0,0.0595618709921836,,0.97579687833786
Xiaomi,203,2.0,0.2869173288345337,0.40576237771765866,0.1456395387649536
Xiaomi,206,1.0,0.4887866079807281,,0.1702660322189331
Xiaomi,210,1.0,0.0,,0.948186457157135
Xiaomi,214,2.0,0.39977477490901947,0.19920887072780236,0.49150005728006363
Xiaomi,218,1.0,0.5790275931358337,,0.9547277688980104
Xiaomi,223,1.0,0.401730477809906,,0.978692352771759
Xiaomi,226,2.0,0.10742136836051934,0.025403043562425648,0.973697930574417
Xiaomi,230,1.0,0.1387740671634674,,0.9787032604217528
Xiaomi,231,1.0,0.0595618709921836,,0.6365165710449219
Xiaomi,233,1.0,0.0823141634464263,,0.9726959466934204
Xiaomi,247,1.0,0.4436339735984802,,0.9862350821495056
